category,part,qty,unit_price_eur_upstream,notes,us_source,status
Power,"18650 cell (high discharge, e.g. Molicel P30B 3000 mAh 30 A)",2,5,beefiest cells you can find,,to-order
Power,2S 18650 cell holder,1,4.99,,,to-order
Power,2S BMS,1,8.40,,,to-order
Power,5V regulator (UBEC),1,4,powers the Pi,,to-order
Power,Small power switch,1,4.49,,,to-order
Power,USB-C charger,1,9.99,,,to-order
Power,2.1 mm barrel jack,2,1,,,to-order
Power,XT30 connector pair,1,8,price is for a bundle; only one pair needed,,to-order
Control,"Feetech STS3215 7.4V (""19 kg·cm"", STS3215-C001)",14,14,NOT the 12V version,,to-order
Control,Waveshare Bus Servo Adapter (A),1,5,,,to-order
Control,Raspberry Pi Zero 2W,1,26.08,,,to-order
Control,microSD card,1,10,,,to-order
Control,BNO055 IMU,1,40,"cheaper clones exist, untested",,to-order
Control,Foot contact switches (SS-10),4,1,,,to-order
Control,9g servos,2,3.33,"antennas only, optional",,to-order
Misc,M3 heat-set inserts,1 kit,5.99,,,to-order
Misc,PLA,~500 g,20,price is for the lot,,to-order
Misc,TPU,small,0,foot soles,,to-order
Misc,Cable sheath,1,9,,,to-order
Misc,"Micro-USB to USB-C cable, 15 cm",1,7,Pi <-> servo board,,to-order
Misc,"Micro-USB to USB-C cable, 50 cm",1,6,Pi <-> servo board,,to-order
Misc,Bearing,3,3.50,in the official spreadsheet; trunk_bottom + head (assembly guide),,to-order
Misc,"M3 screws (assorted lengths, incl. M3x10)",TBD,,not in spreadsheet; assembly guide: count TBD,,to-order
Misc,Hook-up wire,some,,not in spreadsheet; required by assembly guide,,to-order
Tools,Blue Loctite 243 threadlocker,1,,not in spreadsheet; metal-to-metal servo screws only,,to-order
Tools,Soldering iron + basic electronics tools,1,,not in spreadsheet; borrow from the lab if possible,,to-order
Expression (optional),Projector reflector,1,2,official 'expression package',,to-order
Expression (optional),Speaker,1,6,official 'expression package',,to-order
Expression (optional),MAX98357A amplifier,1,5,official 'expression package'; sold in 2-packs,,to-order
Expression (optional),LEDs (eyes + projector),3,0.20,sold in packs of ~50,,to-order
Expression (optional),Eye diffusers,4,0.16,sold in packs of ~60,,to-order
